subject04_leftlight.jpg,subject04,leftlight
subject01_wink.jpg,subject01,wink
subject06_surprised.jpg,subject06,surprised
subject07_glasses.jpg,subject07,glasses
subject15_rightlight.jpg,subject15,rightlight
subject12_surprised.jpg,subject12,surprised
subject10_leftlight.jpg,subject10,leftlight
subject06_happy.jpg,subject06,happy
subject03_centerlight.jpg,subject03,centerlight
subject09_rightlight.jpg,subject09,rightlight
subject01_normal.jpg,subject01,normal
subject09_leftlight.jpg,subject09,leftlight
subject13_normal.jpg,subject13,normal
subject04_happy.jpg,subject04,happy
subject14_noglasses.jpg,subject14,noglasses
subject15_sleepy.jpg,subject15,sleepy
subject04_rightlight.jpg,subject04,rightlight
subject07_sleepy.jpg,subject07,sleepy
subject11_normal.jpg,subject11,normal
subject13_centerlight.jpg,subject13,centerlight
subject03_normal.jpg,subject03,normal
subject02_leftlight.jpg,subject02,leftlight
subject05_sleepy.jpg,subject05,sleepy
subject01_rightlight.jpg,subject01,rightlight
subject14_surprised.jpg,subject14,surprised
subject09_sleepy.jpg,subject09,sleepy
subject06_glasses.jpg,subject06,glasses
subject02_happy.jpg,subject02,happy
subject12_noglasses.jpg,subject12,noglasses
subject10_rightlight.jpg,subject10,rightlight
subject06_noglasses.jpg,subject06,noglasses
subject09_sad.jpg,subject09,sad
subject06_centerlight.jpg,subject06,centerlight
subject08_sad.jpg,subject08,sad
subject13_sleepy.jpg,subject13,sleepy
subject13_surprised.jpg,subject13,surprised
subject11_leftlight.jpg,subject11,leftlight
subject05_happy.jpg,subject05,happy
subject05_leftlight.jpg,subject05,leftlight
subject05_centerlight.jpg,subject05,centerlight
subject07_surprised.jpg,subject07,surprised
subject01_sleepy.jpg,subject01,sleepy
subject07_normal.jpg,subject07,normal
subject15_normal.jpg,subject15,normal
subject07_wink.jpg,subject07,wink
subject06_rightlight.jpg,subject06,rightlight
subject04_glasses.jpg,subject04,glasses
subject14_glasses.jpg,subject14,glasses
subject08_leftlight.jpg,subject08,leftlight
subject11_wink.jpg,subject11,wink
subject10_centerlight.jpg,subject10,centerlight
subject01_noglasses.jpg,subject01,noglasses
subject15_noglasses.jpg,subject15,noglasses
subject07_happy.jpg,subject07,happy
subject09_centerlight.jpg,subject09,centerlight
subject03_rightlight.jpg,subject03,rightlight
subject03_happy.jpg,subject03,happy
subject15_glasses.jpg,subject15,glasses
subject05_glasses.jpg,subject05,glasses
subject15_surprised.jpg,subject15,surprised
subject10_wink.jpg,subject10,wink
subject06_wink.jpg,subject06,wink
subject03_leftlight.jpg,subject03,leftlight
subject15_centerlight.jpg,subject15,centerlight
subject01_surprised.jpg,subject01,surprised
subject03_sleepy.jpg,subject03,sleepy
subject07_noglasses.jpg,subject07,noglasses
subject11_sleepy.jpg,subject11,sleepy
subject13_noglasses.jpg,subject13,noglasses
subject01_happy.jpg,subject01,happy
subject09_normal.jpg,subject09,normal
subject12_rightlight.jpg,subject12,rightlight
subject05_normal.jpg,subject05,normal
subject14_sleepy.jpg,subject14,sleepy
subject07_centerlight.jpg,subject07,centerlight
subject06_sleepy.jpg,subject06,sleepy
subject04_surprised.jpg,subject04,surprised
subject06_leftlight.jpg,subject06,leftlight
subject09_glasses.jpg,subject09,glasses
subject12_normal.jpg,subject12,normal
subject14_happy.jpg,subject14,happy
subject12_leftlight.jpg,subject12,leftlight
subject10_surprised.jpg,subject10,surprised
subject09_wink.jpg,subject09,wink
subject02_noglasses.jpg,subject02,noglasses
subject11_rightlight.jpg,subject11,rightlight
subject13_wink.jpg,subject13,wink
subject09_surprised.jpg,subject09,surprised
subject12_centerlight.jpg,subject12,centerlight
subject05_wink.jpg,subject05,wink
subject10_glasses.jpg,subject10,glasses
subject04_wink.jpg,subject04,wink
subject02_surprised.jpg,subject02,surprised
subject14_rightlight.jpg,subject14,rightlight
subject14_leftlight.jpg,subject14,leftlight
subject12_wink.jpg,subject12,wink
subject12_happy.jpg,subject12,happy
subject08_rightlight.jpg,subject08,rightlight
subject09_noglasses.jpg,subject09,noglasses
subject11_glasses.jpg,subject11,glasses
subject01_glasses.jpg,subject01,glasses
subject08_wink.jpg,subject08,wink
subject04_sleepy.jpg,subject04,sleepy
subject10_happy.jpg,subject10,happy
subject02_centerlight.jpg,subject02,centerlight
subject08_sleepy.jpg,subject08,sleepy
subject10_normal.jpg,subject10,normal
subject08_glasses.jpg,subject08,glasses
subject10_noglasses.jpg,subject10,noglasses
subject02_normal.jpg,subject02,normal
subject04_noglasses.jpg,subject04,noglasses
subject05_rightlight.jpg,subject05,rightlight
subject09_happy.jpg,subject09,happy
subject02_rightlight.jpg,subject02,rightlight
subject11_sad.jpg,subject11,sad
subject05_sad.jpg,subject05,sad
subject03_glasses.jpg,subject03,glasses
subject13_glasses.jpg,subject13,glasses
subject15_wink.jpg,subject15,wink
subject13_leftlight.jpg,subject13,leftlight
subject04_sad.jpg,subject04,sad
subject10_sad.jpg,subject10,sad
subject11_surprised.jpg,subject11,surprised
subject05_surprised.jpg,subject05,surprised
subject07_leftlight.jpg,subject07,leftlight
subject03_wink.jpg,subject03,wink
subject06_normal.jpg,subject06,normal
subject03_noglasses.jpg,subject03,noglasses
subject14_centerlight.jpg,subject14,centerlight
subject06_sad.jpg,subject06,sad
subject12_sad.jpg,subject12,sad
subject14_normal.jpg,subject14,normal
subject15_happy.jpg,subject15,happy
subject12_sleepy.jpg,subject12,sleepy
subject13_sad.jpg,subject13,sad
subject07_sad.jpg,subject07,sad
subject08_centerlight.jpg,subject08,centerlight
subject08_surprised.jpg,subject08,surprised
subject13_rightlight.jpg,subject13,rightlight
subject15_leftlight.jpg,subject15,leftlight
subject08_normal.jpg,subject08,normal
subject11_centerlight.jpg,subject11,centerlight
subject11_happy.jpg,subject11,happy
subject03_sad.jpg,subject03,sad
subject03_surprised.jpg,subject03,surprised
subject01_leftlight.jpg,subject01,leftlight
subject04_normal.jpg,subject04,normal
subject08_noglasses.jpg,subject08,noglasses
subject08_happy.jpg,subject08,happy
subject02_sleepy.jpg,subject02,sleepy
subject02_sad.jpg,subject02,sad
subject10_sleepy.jpg,subject10,sleepy
subject02_wink.jpg,subject02,wink
subject14_sad.jpg,subject14,sad
subject07_rightlight.jpg,subject07,rightlight
subject14_wink.jpg,subject14,wink
subject05_noglasses.jpg,subject05,noglasses
subject12_glasses.jpg,subject12,glasses
subject02_glasses.jpg,subject02,glasses
subject01_sad.jpg,subject01,sad
subject15_sad.jpg,subject15,sad
subject11_noglasses.jpg,subject11,noglasses
subject13_happy.jpg,subject13,happy
subject04_centerlight.jpg,subject04,centerlight
