image name,subject,feature
subject03_surprised.jpg,subject03,surprised
subject04_leftlight.jpg,subject04,leftlight
subject05_surprised.jpg,subject05,surprised
subject12_happy.jpg,subject12,happy
subject12_sleepy.jpg,subject12,sleepy
subject03_wink.jpg,subject03,wink
subject13_surprised.jpg,subject13,surprised
subject03_glasses.jpg,subject03,glasses
subject09_normal.jpg,subject09,normal
subject11_normal.jpg,subject11,normal
subject13_sleepy.jpg,subject13,sleepy
subject07_sleepy.jpg,subject07,sleepy
subject13_noglasses.jpg,subject13,noglasses
subject06_sad.jpg,subject06,sad
subject04_centerlight.jpg,subject04,centerlight
subject15_happy.jpg,subject15,happy
subject07_wink.jpg,subject07,wink
subject11_surprised.jpg,subject11,surprised
subject05_leftlight.jpg,subject05,leftlight
subject15_rightlight.jpg,subject15,rightlight
subject08_happy.jpg,subject08,happy
subject03_centerlight.jpg,subject03,centerlight
subject13_glasses.jpg,subject13,glasses
subject05_centerlight.jpg,subject05,centerlight
subject10_glasses.jpg,subject10,glasses
subject10_normal.jpg,subject10,normal
subject09_wink.jpg,subject09,wink
subject11_happy.jpg,subject11,happy
subject09_rightlight.jpg,subject09,rightlight
subject10_centerlight.jpg,subject10,centerlight
subject14_leftlight.jpg,subject14,leftlight
subject06_leftlight.jpg,subject06,leftlight
subject09_leftlight.jpg,subject09,leftlight
subject04_surprised.jpg,subject04,surprised
subject03_leftlight.jpg,subject03,leftlight
subject12_wink.jpg,subject12,wink
subject13_wink.jpg,subject13,wink
subject04_glasses.jpg,subject04,glasses
subject02_surprised.jpg,subject02,surprised
subject12_rightlight.jpg,subject12,rightlight
subject07_happy.jpg,subject07,happy
subject05_glasses.jpg,subject05,glasses
subject08_wink.jpg,subject08,wink
subject14_rightlight.jpg,subject14,rightlight
subject15_normal.jpg,subject15,normal
subject09_centerlight.jpg,subject09,centerlight
subject02_sad.jpg,subject02,sad
subject05_noglasses.jpg,subject05,noglasses
subject15_surprised.jpg,subject15,surprised
subject03_rightlight.jpg,subject03,rightlight
subject07_leftlight.jpg,subject07,leftlight
subject06_noglasses.jpg,subject06,noglasses
subject07_glasses.jpg,subject07,glasses
subject07_sad.jpg,subject07,sad
subject12_normal.jpg,subject12,normal
subject01_wink.jpg,subject01,wink
subject03_noglasses.jpg,subject03,noglasses
subject14_sad.jpg,subject14,sad
subject07_normal.jpg,subject07,normal
subject06_glasses.jpg,subject06,glasses
subject04_noglasses.jpg,subject04,noglasses
subject13_normal.jpg,subject13,normal
subject07_rightlight.jpg,subject07,rightlight
subject08_sad.jpg,subject08,sad
subject04_normal.jpg,subject04,normal
subject08_rightlight.jpg,subject08,rightlight
subject15_noglasses.jpg,subject15,noglasses
subject11_centerlight.jpg,subject11,centerlight
subject11_sleepy.jpg,subject11,sleepy
subject09_happy.jpg,subject09,happy
subject06_centerlight.jpg,subject06,centerlight
subject09_noglasses.jpg,subject09,noglasses
subject11_leftlight.jpg,subject11,leftlight
subject08_sleepy.jpg,subject08,sleepy
subject02_centerlight.jpg,subject02,centerlight
subject02_leftlight.jpg,subject02,leftlight
subject03_sad.jpg,subject03,sad
subject12_leftlight.jpg,subject12,leftlight
subject12_noglasses.jpg,subject12,noglasses
subject03_normal.jpg,subject03,normal
subject02_rightlight.jpg,subject02,rightlight
subject08_surprised.jpg,subject08,surprised
subject14_centerlight.jpg,subject14,centerlight
subject13_leftlight.jpg,subject13,leftlight
subject08_centerlight.jpg,subject08,centerlight
subject06_wink.jpg,subject06,wink
subject12_centerlight.jpg,subject12,centerlight
subject11_glasses.jpg,subject11,glasses
subject06_sleepy.jpg,subject06,sleepy
subject14_surprised.jpg,subject14,surprised
subject15_glasses.jpg,subject15,glasses
subject14_normal.jpg,subject14,normal
subject15_wink.jpg,subject15,wink
subject10_surprised.jpg,subject10,surprised
subject07_centerlight.jpg,subject07,centerlight
subject06_surprised.jpg,subject06,surprised
subject10_sad.jpg,subject10,sad
subject01_glasses.jpg,subject01,glasses
subject01_surprised.jpg,subject01,surprised
subject12_sad.jpg,subject12,sad
subject12_surprised.jpg,subject12,surprised
subject04_sleepy.jpg,subject04,sleepy
subject15_leftlight.jpg,subject15,leftlight
subject07_noglasses.jpg,subject07,noglasses
subject04_wink.jpg,subject04,wink
subject05_normal.jpg,subject05,normal
subject11_noglasses.jpg,subject11,noglasses
subject08_noglasses.jpg,subject08,noglasses
subject09_sleepy.jpg,subject09,sleepy
subject13_happy.jpg,subject13,happy
subject01_leftlight.jpg,subject01,leftlight
subject05_sleepy.jpg,subject05,sleepy
subject09_sad.jpg,subject09,sad
subject02_glasses.jpg,subject02,glasses
subject01_sleepy.jpg,subject01,sleepy
subject13_rightlight.jpg,subject13,rightlight
subject06_rightlight.jpg,subject06,rightlight
subject09_glasses.jpg,subject09,glasses
subject05_wink.jpg,subject05,wink
subject01_noglasses.jpg,subject01,noglasses
subject09_surprised.jpg,subject09,surprised
subject01_rightlight.jpg,subject01,rightlight
subject01_happy.jpg,subject01,happy
subject11_rightlight.jpg,subject11,rightlight
subject05_rightlight.jpg,subject05,rightlight
subject13_centerlight.jpg,subject13,centerlight
subject07_surprised.jpg,subject07,surprised
subject14_wink.jpg,subject14,wink
subject02_happy.jpg,subject02,happy
subject08_normal.jpg,subject08,normal
subject11_wink.jpg,subject11,wink
